
DELETE FROM UME_RESOURCE ;
INSERT INTO UME_RESOURCE(RES_ID,RES_TYPE,RES_NAME,RES_GROUP,RES_LINK,RES_INDEX,RES_STATUS,CREATE_AUTHOR,CREATE_DATETIME,UPDATE_AUTHOR,UPDATE_DATETIME) VALUES ('UME_SEQ',1,'自增长序列管理','系统资源',null,3,null,null,null,null,current_timestamp()) ;
INSERT INTO UME_RESOURCE(RES_ID,RES_TYPE,RES_NAME,RES_GROUP,RES_LINK,RES_INDEX,RES_STATUS,CREATE_AUTHOR,CREATE_DATETIME,UPDATE_AUTHOR,UPDATE_DATETIME) VALUES ('EM_CODE',1,'通用常量管理','系统资源',null,4,null,null,null,null,current_timestamp()) ;
INSERT INTO UME_RESOURCE(RES_ID,RES_TYPE,RES_NAME,RES_GROUP,RES_LINK,RES_INDEX,RES_STATUS,CREATE_AUTHOR,CREATE_DATETIME,UPDATE_AUTHOR,UPDATE_DATETIME) VALUES ('UME_ROLE',1,'系统角色','用户管理',null,2,null,null,null,null,current_timestamp()) ;
INSERT INTO UME_RESOURCE(RES_ID,RES_TYPE,RES_NAME,RES_GROUP,RES_LINK,RES_INDEX,RES_STATUS,CREATE_AUTHOR,CREATE_DATETIME,UPDATE_AUTHOR,UPDATE_DATETIME) VALUES ('UME_USER',1,'系统用户','用户管理',null,1,null,null,null,null,current_timestamp()) ;
INSERT INTO UME_RESOURCE(RES_ID,RES_TYPE,RES_NAME,RES_GROUP,RES_LINK,RES_INDEX,RES_STATUS,CREATE_AUTHOR,CREATE_DATETIME,UPDATE_AUTHOR,UPDATE_DATETIME) VALUES ('EM_DS_CFG',1,'数据源管理','系统资源',null,1,null,null,null,null,current_timestamp()) ;
INSERT INTO UME_RESOURCE(RES_ID,RES_TYPE,RES_NAME,RES_GROUP,RES_LINK,RES_INDEX,RES_STATUS,CREATE_AUTHOR,CREATE_DATETIME,UPDATE_AUTHOR,UPDATE_DATETIME) VALUES ('UME_RESOURCE',1,'资源对象管理','系统资源',null,2,null,null,null,null,current_timestamp()) ;
INSERT INTO UME_RESOURCE(RES_ID,RES_TYPE,RES_NAME,RES_GROUP,RES_LINK,RES_INDEX,RES_STATUS,CREATE_AUTHOR,CREATE_DATETIME,UPDATE_AUTHOR,UPDATE_DATETIME) VALUES ('UME_ROLE_ACL',1,'系统角色及访问权限分配','用户管理',null,4,null,null,null,null,current_timestamp()) ;
INSERT INTO UME_RESOURCE(RES_ID,RES_TYPE,RES_NAME,RES_GROUP,RES_LINK,RES_INDEX,RES_STATUS,CREATE_AUTHOR,CREATE_DATETIME,UPDATE_AUTHOR,UPDATE_DATETIME) VALUES ('UME_USER_ROLE',1,'系统用户及角色分配','用户管理',null,3,null,null,null,null,current_timestamp()) ;

DELETE FROM UME_ROLE ;
INSERT INTO UME_ROLE(ROLE_ID,ROLE_NAME,ROLE_DESC,CREATE_AUTHOR,CREATE_DATETIME,UPDATE_AUTHOR,UPDATE_DATETIME) VALUES ('Administrators','管理员','权限仅次于超级用户','admin',null,'admin',current_timestamp()) ;
INSERT INTO UME_ROLE(ROLE_ID,ROLE_NAME,ROLE_DESC,CREATE_AUTHOR,CREATE_DATETIME,UPDATE_AUTHOR,UPDATE_DATETIME) VALUES ('Guests','访客','访客','admin',null,'admin',current_timestamp()) ;
INSERT INTO UME_ROLE(ROLE_ID,ROLE_NAME,ROLE_DESC,CREATE_AUTHOR,CREATE_DATETIME,UPDATE_AUTHOR,UPDATE_DATETIME) VALUES ('Users','普通用户','普通用户','admin',null,'admin',current_timestamp()) ;

DELETE FROM UME_ROLE_ACL ;
INSERT INTO UME_ROLE_ACL(ROLE_ID,ACC_RES_ID,ACC_RES_TYPE,ACC_LEVEL,CREATE_AUTHOR,CREATE_DATETIME,UPDATE_AUTHOR,UPDATE_DATETIME) VALUES ('Administrators','*',1,1,'admin',null,'admin',current_timestamp()) ;
INSERT INTO UME_ROLE_ACL(ROLE_ID,ACC_RES_ID,ACC_RES_TYPE,ACC_LEVEL,CREATE_AUTHOR,CREATE_DATETIME,UPDATE_AUTHOR,UPDATE_DATETIME) VALUES ('Users','*',1,1,'admin',null,'admin',current_timestamp()) ;
INSERT INTO UME_ROLE_ACL(ROLE_ID,ACC_RES_ID,ACC_RES_TYPE,ACC_LEVEL,CREATE_AUTHOR,CREATE_DATETIME,UPDATE_AUTHOR,UPDATE_DATETIME) VALUES ('Guests','UME_USER',1,2,'admin',null,'admin',current_timestamp()) ;
INSERT INTO UME_ROLE_ACL(ROLE_ID,ACC_RES_ID,ACC_RES_TYPE,ACC_LEVEL,CREATE_AUTHOR,CREATE_DATETIME,UPDATE_AUTHOR,UPDATE_DATETIME) VALUES ('Guests','UME_ROLE',1,2,'admin',null,'admin',current_timestamp()) ;
INSERT INTO UME_ROLE_ACL(ROLE_ID,ACC_RES_ID,ACC_RES_TYPE,ACC_LEVEL,CREATE_AUTHOR,CREATE_DATETIME,UPDATE_AUTHOR,UPDATE_DATETIME) VALUES ('Guests','EM_DS_CFG',1,4,'admin',null,'admin',current_timestamp()) ;
INSERT INTO UME_ROLE_ACL(ROLE_ID,ACC_RES_ID,ACC_RES_TYPE,ACC_LEVEL,CREATE_AUTHOR,CREATE_DATETIME,UPDATE_AUTHOR,UPDATE_DATETIME) VALUES ('Administrators','EM_DS_CFG',1,4,'admin',null,'admin',current_timestamp()) ;
INSERT INTO UME_ROLE_ACL(ROLE_ID,ACC_RES_ID,ACC_RES_TYPE,ACC_LEVEL,CREATE_AUTHOR,CREATE_DATETIME,UPDATE_AUTHOR,UPDATE_DATETIME) VALUES ('Administrators','*',1,4,'admin',null,'admin',current_timestamp()) ;
INSERT INTO UME_ROLE_ACL(ROLE_ID,ACC_RES_ID,ACC_RES_TYPE,ACC_LEVEL,CREATE_AUTHOR,CREATE_DATETIME,UPDATE_AUTHOR,UPDATE_DATETIME) VALUES ('Administrators','*',1,3,'admin',null,'admin',current_timestamp()) ;
INSERT INTO UME_ROLE_ACL(ROLE_ID,ACC_RES_ID,ACC_RES_TYPE,ACC_LEVEL,CREATE_AUTHOR,CREATE_DATETIME,UPDATE_AUTHOR,UPDATE_DATETIME) VALUES ('Administrators','*',1,2,'admin',null,'admin',current_timestamp()) ;
INSERT INTO UME_ROLE_ACL(ROLE_ID,ACC_RES_ID,ACC_RES_TYPE,ACC_LEVEL,CREATE_AUTHOR,CREATE_DATETIME,UPDATE_AUTHOR,UPDATE_DATETIME) VALUES ('Users','EM_DS_CFG',1,4,'admin',null,'admin',current_timestamp()) ;

DELETE FROM UME_USER ;
INSERT INTO UME_USER(USER_ID,USER_NAME,USER_PASSWORD,USER_MOBILE,USER_MOBILE_BAK,USER_IDENTITY_CARD,USER_DRIVE_LICENSE,USER_PASSPORT,USER_ADDRESS,USER_EMAIL,USER_EMAIL_BAK,USER_LEVEL,USER_STATUS,CREATE_AUTHOR,CREATE_DATETIME,UPDATE_AUTHOR,UPDATE_DATETIME) VALUES ('admin','系统管理员','1qazxsw2','13800000011',null,null,null,null,null,'admin@gmail.com',null,null,1,'admin',null,'admin',current_timestamp()) ;
INSERT INTO UME_USER(USER_ID,USER_NAME,USER_PASSWORD,USER_MOBILE,USER_MOBILE_BAK,USER_IDENTITY_CARD,USER_DRIVE_LICENSE,USER_PASSPORT,USER_ADDRESS,USER_EMAIL,USER_EMAIL_BAK,USER_LEVEL,USER_STATUS,CREATE_AUTHOR,CREATE_DATETIME,UPDATE_AUTHOR,UPDATE_DATETIME) VALUES ('guest','访客','1qazxsw2','13900000000',null,null,null,null,null,'guest@gmail.com',null,null,1,'admin',null,'admin',current_timestamp()) ;
INSERT INTO UME_USER(USER_ID,USER_NAME,USER_PASSWORD,USER_MOBILE,USER_MOBILE_BAK,USER_IDENTITY_CARD,USER_DRIVE_LICENSE,USER_PASSPORT,USER_ADDRESS,USER_EMAIL,USER_EMAIL_BAK,USER_LEVEL,USER_STATUS,CREATE_AUTHOR,CREATE_DATETIME,UPDATE_AUTHOR,UPDATE_DATETIME) VALUES ('tester','测试用户','1qazxsw2','13900000000',null,null,null,null,null,'tester@gmail.com',null,null,1,'admin',null,'admin',current_timestamp()) ;

DELETE FROM UME_USER_ROLE ;
INSERT INTO UME_USER_ROLE(USER_ID,ROLE_ID,CREATE_AUTHOR,CREATE_DATETIME,UPDATE_AUTHOR,UPDATE_DATETIME) VALUES ('admin','Administrators','admin',null,'admin',current_timestamp()) ;
INSERT INTO UME_USER_ROLE(USER_ID,ROLE_ID,CREATE_AUTHOR,CREATE_DATETIME,UPDATE_AUTHOR,UPDATE_DATETIME) VALUES ('admin','Guests','admin',null,'admin',current_timestamp()) ;
INSERT INTO UME_USER_ROLE(USER_ID,ROLE_ID,CREATE_AUTHOR,CREATE_DATETIME,UPDATE_AUTHOR,UPDATE_DATETIME) VALUES ('guest','Guests','admin',null,'admin',current_timestamp()) ;
INSERT INTO UME_USER_ROLE(USER_ID,ROLE_ID,CREATE_AUTHOR,CREATE_DATETIME,UPDATE_AUTHOR,UPDATE_DATETIME) VALUES ('tester','Users','admin',null,'admin',current_timestamp()) ;

DELETE FROM UME_SEQ ;
INSERT INTO UME_SEQ(ITEM_NAME,MIN_VALUE,MAX_VALUE,CURRENT_INDEX,INCREMENT_VALUE,ITEM_LENGTH,PREFIX,POSTFIX,REPEATABLE,FORMATTER,CREATE_AUTHOR,CREATE_DATETIME,UPDATE_AUTHOR,UPDATE_DATETIME) VALUES ('UID',1,99999999,1,1,8,'U',null,'F',null,null,null,null,current_timestamp()) ;
INSERT INTO UME_SEQ(ITEM_NAME,MIN_VALUE,MAX_VALUE,CURRENT_INDEX,INCREMENT_VALUE,ITEM_LENGTH,PREFIX,POSTFIX,REPEATABLE,FORMATTER,CREATE_AUTHOR,CREATE_DATETIME,UPDATE_AUTHOR,UPDATE_DATETIME) VALUES ('MSG',1,99999,159,1,5,'MSG',null,'F',null,null,null,null,current_timestamp()) ;


